brightnessctl	0.5.1-3.1
build-essential	12.12
cava	0.10.4+dfsg-1
cliphist	0.5.0-1+b9
cmake	3.31.6-2
curl	8.21.0-2~bpo13+1
ddcutil	2.2.0-2
fish	4.0.2-1
fontconfig	2.15.0-2.3
fuzzel	1.12.0+ds-1
git	1:2.47.3-0+deb13u1
grim	1.4.0+ds-2+b1
hyprland	0.55.2+ds-1~bpo13+1
kdialog	4:25.04.0-1
konsole	4:25.04.2-1
libaubio-dev:amd64	0.4.9-4.7+b2
libcli11-dev	2.4.1+ds-2
libcurl3t64-gnutls:amd64	8.21.0-2~bpo13+1
libcurl4-gnutls-dev:amd64	8.21.0-2~bpo13+1
libdrm-dev:amd64	2.4.124-2
libdwarf-dev:amd64	1:0.11.1-1
libegl-dev:amd64	1.7.0-1+b2
libfftw3-dev:amd64	3.3.10-2+b1
libgbm-dev:amd64	26.1.6-1~bpo13+1
libgbm1:amd64	26.1.6-1~bpo13+1
libiniparser-dev:amd64	4.2.6-1
libjemalloc-dev	5.3.0-3
libnghttp3-dev:amd64	1.15.0-1~bpo13+1
libngtcp2-crypto-gnutls-dev:amd64	1.22.1-1~bpo13+1
libngtcp2-dev:amd64	1.22.1-1~bpo13+1
libnotify-bin	0.8.6-1
libpam0g-dev:amd64	1.7.0-5
libpipewire-0.3-0t64:amd64	1.6.9-2~bpo13+1
libpipewire-0.3-dev:amd64	1.6.9-2~bpo13+1
libpolkit-agent-1-dev	126-2
libpolkit-gobject-1-dev	126-2
libqalculate-dev:amd64	5.5.2-1+b1
libsensors-dev:amd64	1:3.6.2-2
libspa-0.2-dev:amd64	1.6.9-2~bpo13+1
libunwind-dev:amd64	1.8.1-0.1
libvulkan-dev:amd64	1.4.309.0-1
libwayland-dev:amd64	1.23.1-3
libxkbcommon-dev:amd64	1.13.1-1~bpo13+1
libxkbcommon0:amd64	1.13.1-1~bpo13+1
lm-sensors	1:3.6.2-2
meson	1.7.0-1
network-manager	1.52.1-1
ninja-build	1.12.1-1
papirus-icon-theme	20250501-1
pavucontrol	6.1-1
pipx	1.7.1-1
pkg-config:amd64	1.8.1-4
power-profiles-daemon	0.30-1.1
python3-dev	3.13.5-1
python3-venv	3.13.5-1
qalc	5.5.2-1+b1
qml6-module-qt-labs-qmlmodels:amd64	6.8.2+dfsg-7
qml6-module-qtqml-models:amd64	6.8.2+dfsg-7
qml6-module-qtqml-workerscript:amd64	6.8.2+dfsg-7
qml6-module-qtqml:amd64	6.8.2+dfsg-7
qml6-module-qtquick-controls:amd64	6.8.2+dfsg-7
qml6-module-qtquick-dialogs:amd64	6.8.2+dfsg-7
qml6-module-qtquick-effects:amd64	6.8.2+dfsg-7
qml6-module-qtquick-layouts:amd64	6.8.2+dfsg-7
qml6-module-qtquick-shapes:amd64	6.8.2+dfsg-7
qml6-module-qtquick-window:amd64	6.8.2+dfsg-7
qml6-module-qtquick:amd64	6.8.2+dfsg-7
qt6-base-dev:amd64	6.8.2+dfsg-9+deb13u2
qt6-base-private-dev:amd64	6.8.2+dfsg-9+deb13u2
qt6-declarative-dev:amd64	6.8.2+dfsg-7
qt6-declarative-private-dev:amd64	6.8.2+dfsg-7
qt6-image-formats-plugins	6.8.2-4
qt6-shadertools-dev:amd64	6.8.2-3
qt6-svg-dev:amd64	6.8.2-3
qt6-wayland-dev:amd64	6.8.2-4
qt6-wayland-private-dev:amd64	6.8.2-4
slurp	1.5.0-1
spirv-tools	2025.1~rc1-1
swappy	1.5.1-2
unzip	6.0-29+deb13u1
wayland-protocols	1.47-1~bpo13+1
wl-clipboard	2.2.1-2
xdg-desktop-portal-hyprland	1.3.8-3
